{
  "version": 2,
  "train_window_days": 504,
  "fitted_on": "2026-05-27T14:36:32.806877Z",
  "params": {
    "beta0": 0.08993928756232882,
    "beta1": 0.08009233862605407,
    "month_effects": [
      0.009946945431280758,
      0.015770602166404774,
      0.007401498183088859,
      0.00992272294303788,
      0.01188636685538221,
      0.028657277911349092,
      8.759564563380235e-05,
      -0.0005717705242750678,
      -0.013904765586744389,
      -0.00838762260527175,
      -0.04499633758623859,
      -0.028262283495182745
    ],
    "fx_ref": 3.2663492063492092,
    "max_abs_basis": 0.08
  }
}